{
  "model_key": "gemini-1536",
  "status": "ok",
  "meta": {
    "model_key": "gemini-1536",
    "model": "gemini-embedding-2",
    "dims": 1536,
    "api": "gemini",
    "notes": [],
    "doc_embed_secs": 1.0766527652740479,
    "mean_query_embed_ms": 215.4736944607326
  },
  "metrics": {
    "n_nonabstain": 52,
    "n_graded_positive": 50,
    "ndcg10": 0.8487845394382683,
    "recall5_essential": 0.9,
    "mrr_first_essential": 0.8351726827094474,
    "trap_rate5": 0.36538461538461536,
    "n_abstain": 4,
    "median_top1_abstain": 0.6293420791625977,
    "median_top1_nonabstain": 0.8013708293437958,
    "abstain_gap": 0.17202875018119812
  }
}